[
    {
      "id": "1",
      "firstName": "Laura",
      "lastName": "Storm",
      "hw": 14.46
    },
    {
      "id": "2",
      "firstName": "Jacob",
      "lastName": "Thornton",
      "hw": 19.47
    },
    {
      "id": "3",
      "firstName": "Zanna",
      "lastName": "Tatyana",
      "hw": 17.31
    },
    {
      "id": "4",
      "firstName": "Fábia",
      "lastName": "Linda",
      "hw": 15.3
    },
    {
      "id": "5",
      "firstName": "Ganbold ",
      "lastName": "Anand",
      "hw": 23.25
    },
    {
      "id": "6",
      "firstName": "Grier",
      "lastName": "Seneca",
      "hw": 34.31
    },
    {
      "id": "7",
      "firstName": "Rosalie",
      "lastName": "Kenji",
      "hw": 17.18
    },
    {
      "id": "8",
      "firstName": "Aurelia",
      "lastName": "Widald",
      "hw": 21.32
    },
    {
      "id": "9",
      "firstName": "Motya",
      "lastName": "Yehonatan",
      "hw": 54.78
    },
    {
      "id": "10",
      "firstName": "Ihintza",
      "lastName": "Hildefons",
      "hw": 18.2
    }
  ]